{"extrinsics": {"R": [[-0.4012306604747588, -0.915137357301303, 0.03921191612987247], [-0.1977620540423987, 0.04474824160747233, -0.9792281474988199], [0.894373594800249, -0.4006509854532079, -0.19893381004608837]], "T": [[-3.936891866031032, 1.9473111816670783, 1.5480636596889874]]}, "intrinsics_w_distortion": {"f": [[1098.9290445422132, 1095.9283368113697]], "c": [[463.9326403939401, 447.62489594287746]], "k": [[-0.19654846702135137, 0.10420354637262953, 0.00410302599887387]], "p": [[-0.00045063788808183744, 0.0011277179563283688]]}, "intrinsics_wo_distortion": {"c": [463.9423522949219, 447.6417541503906], "f": [1096.3837890625, 1090.243896484375]}}