{"extrinsics": {"R": [[0.42392357654975155, -0.905597320801835, 0.013501622191624327], [-0.15679112206349918, -0.08806228655192916, -0.9836979097920839], [0.892023175308431, 0.41489580167047285, -0.17932129954046125]], "T": [[-4.168821664920335, -1.55330945963589, 1.6088458810124382]]}, "intrinsics_w_distortion": {"f": [[1033.7924469208783, 1031.384204280607]], "c": [[461.9053627872903, 459.4299283385879]], "k": [[-0.2008671662544054, 0.19291129487662903, 0.007955196523070444]], "p": [[0.0007631300372315298, -0.000663803746153287]]}, "intrinsics_wo_distortion": {"c": [461.92523193359375, 459.41668701171875], "f": [1029.556884765625, 1025.9700927734375]}}